{
  "Author": "Chalkos",
  "Name": "Marketbuddy",
  "InternalName": "Marketbuddy",
  "AssemblyVersion": "0.2.2.3",
  "Description": "Helper for your day-to-day market operations.",
  "ApplicableVersion": "any",
  "RepoUrl": "https://github.com/chalkos/Marketbuddy",
  "Tags": [],
  "DalamudApiLevel": 6,
  "LoadPriority": 0,
  "Punchline": "Less clicks, more gil!",
  "Changelog": "0.2.2.3: set api version 6\n0.2.2.2: set api version 5\nThere were no code changes as everything appears to be working."
}